﻿designator,quantity,value,pack,mpn,mount_type
"B1, B2, B3",3,1056TR,1048P_KEY,,tht
C1,1,100NF-1206-50V-10%,1206,,smt
C2,1,10UF-1210,1210,,smt
C3,1,47UF-1206-50V-10%,1206,,smt
C4,1,100nF,C_1206_3216Metric,,smt
C5,1,100uF,C_1206_3216Metric,,smt
"D1, D2",2,1N4448W,D_SOD-123,,smt
J1,1,Speaker,CONN_1890963_PXC,,tht
J2,1,Ringer,CONN_1890963_PXC,,tht
Q1,1,BC848,SOT-23,,smt
Q2,1,SI2338DS,SI2342DS-T1-GE3,,tht
R1,1,68K,R_1206_3216Metric,,smt
"R10, R4",2,10k,R_1206_3216Metric,,smt
"R2, R3",2,68k,R_1206_3216Metric,,smt
R5,1,15R,R_1206_3216Metric,,smt
"R6, R7",2,10M,R_1206_3216Metric,,smt
R8,1,1.2M,R_1206_3216Metric,,smt
R9,1,100R,R_1206_3216Metric,,smt
U1,1,NE555D,SOIC-8_3.9x4.9mm_P1.27mm,,smt
