﻿pos_x,pos_y,rotation,side,designator,mpn,pack,value,mount_type,place
123.8631,-92.0496,180.0,bottom,B1,,1048P_KEY,1056TR,tht,True
144.299899,-92.0496,180.0,bottom,B2,,1048P_KEY,1056TR,tht,True
164.810399,-92.0496,180.0,bottom,B3,,1048P_KEY,1056TR,tht,True
138.9888,-89.2048,0.0,top,C1,,1206,100NF-1206-50V-10%,smt,True
130.5052,-93.2688,-90.0,top,C2,,1210,10UF-1210,smt,True
117.1956,-86.1568,0.0,top,C3,,1206,47UF-1206-50V-10%,smt,True
147.2184,-87.4268,90.0,top,C4,,C_1206_3216Metric,100nF,smt,True
147.1168,-96.5708,90.0,top,C5,,C_1206_3216Metric,100uF,smt,True
134.112,-98.1456,90.0,top,D1,,D_SOD-123,1N4448W,smt,True
134.0612,-93.1164,-90.0,top,D2,,D_SOD-123,1N4448W,smt,True
118.7469,-101.701602,0.0,top,J1,,CONN_1890963_PXC,Speaker,tht,True
164.9768,-101.6508,0.0,top,J2,,CONN_1890963_PXC,Ringer,tht,True
154.7599,-86.5784,0.0,top,Q1,,SOT-23,BC848,smt,True
143.8656,-93.3196,0.0,top,Q2,,SI2342DS-T1-GE3,SI2338DS,tht,True
129.2352,-97.8408,180.0,top,R1,,R_1206_3216Metric,68K,smt,True
137.0076,-92.964,-90.0,top,R10,,R_1206_3216Metric,10k,smt,True
138.176,-99.4156,180.0,top,R2,,R_1206_3216Metric,68k,smt,True
134.2136,-87.6808,90.0,top,R3,,R_1206_3216Metric,68k,smt,True
125.1712,-92.9132,90.0,top,R4,,R_1206_3216Metric,10k,smt,True
129.1844,-101.6508,0.0,top,R5,,R_1206_3216Metric,15R,smt,True
142.6464,-86.1568,180.0,top,R6,,R_1206_3216Metric,10M,smt,True
151.384,-96.52,-90.0,top,R7,,R_1206_3216Metric,10M,smt,True
149.8092,-87.4268,90.0,top,R8,,R_1206_3216Metric,1.2M,smt,True
159.0548,-87.4268,-90.0,top,R9,,R_1206_3216Metric,100R,smt,True
127.762,-87.5792,0.0,top,U1,,SOIC-8_3.9x4.9mm_P1.27mm,NE555D,smt,True
