﻿pos_x,pos_y,rotation,side,designator,mpn,pack,value,mount_type,place
159.15005,-94.488,180.0,bottom,B1,,1048P_KEY,1056TR,tht,True
154.432,-99.5172,90.0,top,C1,,C_1206_3216Metric,2.2UF-1206-50V-10%,smt,True
163.322,-99.5172,-90.0,top,C2,,C_1210_3225Metric,10UF-1210-50V-20%,smt,True
160.6804,-83.4644,90.0,top,C3,,C_1206_3216Metric,330nF-1206-50V-10%,smt,True
150.4696,-89.5338,-90.0,top,LED1,,LED_1206_3216Metric,598-8220-107F,smt,True
167.7416,-89.5096,-90.0,top,LED2,,LED_1206_3216Metric,598-8250-107F,smt,True
161.4424,-89.1817,-90.0,top,Q1,,SOT-23,BC848,smt,True
156.7688,-89.1817,-90.0,top,Q2,,SOT-23,BC848,smt,True
149.8877,-82.8548,0.0,top,Q3,,SOT-23,BC858,smt,True
169.0624,-83.4136,-90.0,top,Q4,,SI2342DS-T1-GE3,SI2342DS-T1-GE3,tht,True
150.4696,-99.5172,90.0,top,R1,,C_1206_3216Metric,15R,smt,True
153.7716,-89.5096,90.0,top,R2,,C_1206_3216Metric,47K,smt,True
164.4904,-89.5604,90.0,top,R3,,C_1206_3216Metric,47k,smt,True
167.7924,-99.5172,90.0,top,R4,,C_1206_3216Metric,15R,smt,True
155.6512,-83.4644,90.0,top,R5,,C_1206_3216Metric,100k,smt,True
158.1404,-83.4644,-90.0,top,R6,,C_1206_3216Metric,1M,smt,True
163.2712,-83.4644,90.0,top,R7,,C_1206_3216Metric,10k,smt,True
165.7096,-83.4644,90.0,top,R8,,C_1206_3216Metric,10k,smt,True
153.162,-83.4644,90.0,top,R9,,C_1206_3216Metric,10k,smt,True
159.1564,-94.4118,0.0,top,S1,,TACTILE_SWITCH_SMD_5.2MM,MOMENTARY-SWITCH-SPST-2-SMD-5.2MM,smt,True
