﻿designator,quantity,value,pack,mpn,mount_type
B1,1,1056TR,1048P_KEY,,tht
C1,1,2.2UF-1206-50V-10%,C_1206_3216Metric,,smt
C2,1,10UF-1210-50V-20%,C_1210_3225Metric,,smt
C3,1,330nF-1206-50V-10%,C_1206_3216Metric,,smt
LED1,1,598-8220-107F,LED_1206_3216Metric,,smt
LED2,1,598-8250-107F,LED_1206_3216Metric,,smt
"Q1, Q2",2,BC848,SOT-23,,smt
Q3,1,BC858,SOT-23,,smt
Q4,1,SI2342DS-T1-GE3,SI2342DS-T1-GE3,,tht
"R1, R4",2,15R,C_1206_3216Metric,,smt
R2,1,47K,C_1206_3216Metric,,smt
R3,1,47k,C_1206_3216Metric,,smt
R5,1,100k,C_1206_3216Metric,,smt
R6,1,1M,C_1206_3216Metric,,smt
"R7, R8, R9",3,10k,C_1206_3216Metric,,smt
S1,1,MOMENTARY-SWITCH-SPST-2-SMD-5.2MM,TACTILE_SWITCH_SMD_5.2MM,,smt
