﻿pos_x,pos_y,rotation,side,designator,mpn,pack,value,mount_type,place
64.5668,-106.426,180.0,bottom,B1,,1048P_KEY,1056TR,tht,True
101.0666,-106.5276,180.0,bottom,B2,,1048P_KEY,1056TR,tht,True
84.0232,-125.3998,90.0,bottom,B3,,1048P_KEY,1056TR,tht,True
106.0196,-114.7572,0.0,top,C1,,C_1206_3216Metric,.01uF,smt,True
101.346,-100.3808,0.0,top,C2,,C_1206_3216Metric,47uF,smt,True
101.346,-104.14,0.0,top,C3,,C_1206_3216Metric,47uF,smt,True
101.346,-107.95,0.0,top,C4,,C_1206_3216Metric,.01uF,smt,True
65.1256,-126.746,90.0,top,C5,,C_1206_3216Metric,330nF-1206-50V-10%,smt,True
91.1352,-110.7948,-90.0,top,D1,,D_SOD-123,1N4448W,smt,True
91.1352,-104.2416,-90.0,top,D2,,D_SOD-123,1N4448W,smt,True
68.7832,-134.2136,0.0,top,J1,,TerminalBlock_bornier-2_P5.08mm,Timer Start,tht,True
95.8088,-134.2644,0.0,top,J2,,TerminalBlock_bornier-3_P5.08mm,Relay Out,tht,True
112.4962,-119.4,0.0,top,J3,,PinSocket_1x02_P2.54mm_Vertical,Buzz Enable,tht,True
57.2008,-134.2136,0.0,top,J4,,TerminalBlock_bornier-2_P5.08mm,On/Off,tht,True
114.848201,-131.9276,0.0,top,LS1,,ABI-009_MTC,ABI-009-RC,tht,True
96.0905,-103.5812,0.0,top,Q1,,SOT-23,BC858,smt,True
106.0348,-124.8433,90.0,top,Q2,,SOT-23,BC848,smt,True
106.0196,-119.4816,90.0,top,Q3,,SOT-23,BC848,smt,True
100.9777,-127.762,180.0,top,Q4,,SOT23_DIO,DMN2004K-7,smt,True
95.758599,-127.7874,0.0,top,Q5,,SOT23_DIO,DMN2004K-7,smt,True
73.5353,-120.9548,0.0,top,Q6,,SOT-23,BC858,smt,True
69.6468,-127.1524,0.0,top,Q7,,SI2342DS-T1-GE3,SI2338DS,tht,True
90.8812,-124.9172,-90.0,top,Q8,,SOT-23,BC848,smt,True
91.1352,-115.9764,-90.0,top,R1,,R_1206_3216Metric,10k,smt,True
74.3204,-126.7968,90.0,top,R10,,R_1206_3216Metric,10k,smt,True
69.6468,-121.5644,90.0,top,R11,,R_1206_3216Metric,10k,smt,True
91.4908,-128.5748,0.0,top,R12,,R_1206_3216Metric,10k,smt,True
95.758,-99.2124,0.0,top,R2,,R_1206_3216Metric,6k8,smt,True
86.6648,-112.014,0.0,top,R3,,R_1206_3216Metric,47k,smt,True
98.552,-122.4788,-90.0,top,R4,,R_1206_3216Metric,10k,smt,True
106.3752,-128.9812,0.0,top,R5,,R_1206_3216Metric,10k,smt,True
107.5035,-110.9472,0.0,top,R6,,R_1206_3216Metric,10k,smt,True
66.294,-121.5644,90.0,top,R7,,R_1206_3216Metric,100k,smt,True
62.5856,-121.5644,-90.0,top,R8,,R_1206_3216Metric,1M,smt,True
60.198,-125.7808,90.0,top,R9,,R_1206_3216Metric,10k,smt,True
97.9424,-114.5032,90.0,top,U1,,SOIC-8_3.9x4.9mm_P1.27mm,NE555D,smt,True
85.2551,-136.6393,180.0,top,VR1,,IC3_3310C-001-105L_BRN,1 Meg,tht,True
