﻿pos_x,pos_y,rotation,side,designator,mpn,pack,value,mount_type,place
201.6633,-120.6627,180.0,bottom,B1,,1048P_KEY,1056TR,tht,True
238.1631,-120.7643,180.0,bottom,B2,,1048P_KEY,1056TR,tht,True
221.1197,-139.6365,90.0,bottom,B3,,1048P_KEY,1056TR,tht,True
243.1161,-128.9939,0.0,top,C1,,C_1206_3216Metric,.01uF,smt,True
238.4425,-114.6175,0.0,top,C2,,C_1206_3216Metric,47uF,smt,True
238.4425,-118.3767,0.0,top,C3,,C_1206_3216Metric,47uF,smt,True
238.4425,-122.1867,0.0,top,C4,,C_1206_3216Metric,.01uF,smt,True
202.2221,-140.9827,90.0,top,C5,,C_1206_3216Metric,330nF-1206-50V-10%,smt,True
228.2317,-125.0315,-90.0,top,D1,,D_SOD-123,1N4448W,smt,True
228.2317,-118.4783,-90.0,top,D2,,D_SOD-123,1N4448W,smt,True
247.899,-148.4884,0.0,top,D3,,LED_D5.0mm_IRGrey,LD271,tht,True
205.8797,-148.4503,0.0,top,J1,,TerminalBlock_bornier-2_P5.08mm,Timer Start,tht,True
232.9053,-148.5011,0.0,top,J2,,TerminalBlock_bornier-3_P5.08mm,Relay Out,tht,True
194.2973,-148.4503,0.0,top,J4,,TerminalBlock_bornier-2_P5.08mm,On/Off,tht,True
233.187,-117.8179,0.0,top,Q1,,SOT-23,BC858,smt,True
243.1313,-139.08,90.0,top,Q2,,SOT-23,BC848,smt,True
227.9777,-139.1539,-90.0,top,Q3,,SOT-23,BC848,smt,True
238.0742,-141.9987,180.0,top,Q4,,SOT23_DIO,DMN2004K-7,smt,True
232.855099,-142.0241,0.0,top,Q5,,SOT23_DIO,DMN2004K-7,smt,True
210.6318,-135.1915,0.0,top,Q6,,SOT-23,BC858,smt,True
206.7433,-141.3891,0.0,top,Q7,,SI2342DS-T1-GE3,SI2338DS,tht,True
228.2317,-130.2131,-90.0,top,R1,,R_1206_3216Metric,10k,smt,True
211.4169,-141.0335,90.0,top,R10,,R_1206_3216Metric,10k,smt,True
206.7433,-135.8011,90.0,top,R11,,R_1206_3216Metric,10k,smt,True
228.5873,-142.8115,0.0,top,R12,,R_1206_3216Metric,10k,smt,True
232.8545,-113.4491,0.0,top,R2,,R_1206_3216Metric,6k8,smt,True
223.7613,-126.2507,0.0,top,R3,,R_1206_3216Metric,47k,smt,True
235.6485,-136.7155,-90.0,top,R4,,R_1206_3216Metric,10k,smt,True
243.4717,-143.2179,0.0,top,R5,,R_1206_3216Metric,10k,smt,True
247.904,-140.0556,-90.0,top,R6,,R_1206_3216Metric,360R,smt,True
203.3905,-135.8011,90.0,top,R7,,R_1206_3216Metric,100k,smt,True
199.6821,-135.8011,-90.0,top,R8,,R_1206_3216Metric,1M,smt,True
197.2945,-140.0175,90.0,top,R9,,R_1206_3216Metric,10k,smt,True
235.0389,-128.7399,90.0,top,U1,,SOIC-8_3.9x4.9mm_P1.27mm,NE555D,smt,True
222.3516,-150.876,180.0,top,VR1,,IC3_3310C-001-105L_BRN,1 Meg,tht,True
