﻿designator,quantity,value,pack,mpn,mount_type
"B1, B2, B3",3,1056TR,1048P_KEY,,tht
"C1, C4",2,.01uF,C_1206_3216Metric,,smt
"C2, C3",2,47uF,C_1206_3216Metric,,smt
C5,1,330nF-1206-50V-10%,C_1206_3216Metric,,smt
"D1, D2",2,1N4448W,D_SOD-123,,smt
D3,1,LD271,LED_D5.0mm_IRGrey,,tht
J1,1,Timer Start,TerminalBlock_bornier-2_P5.08mm,,tht
J2,1,Relay Out,TerminalBlock_bornier-3_P5.08mm,,tht
J4,1,On/Off,TerminalBlock_bornier-2_P5.08mm,,tht
"Q1, Q6",2,BC858,SOT-23,,smt
"Q2, Q3",2,BC848,SOT-23,,smt
"Q4, Q5",2,DMN2004K-7,SOT23_DIO,,smt
Q7,1,SI2338DS,SI2342DS-T1-GE3,,tht
"R1, R10, R11, R12, R4, R5, R9",7,10k,R_1206_3216Metric,,smt
R2,1,6k8,R_1206_3216Metric,,smt
R3,1,47k,R_1206_3216Metric,,smt
R6,1,360R,R_1206_3216Metric,,smt
R7,1,100k,R_1206_3216Metric,,smt
R8,1,1M,R_1206_3216Metric,,smt
U1,1,NE555D,SOIC-8_3.9x4.9mm_P1.27mm,,smt
VR1,1,1 Meg,IC3_3310C-001-105L_BRN,,tht
