﻿pos_x,pos_y,rotation,side,designator,mpn,pack,value,mount_type,place
59.11205,-75.8952,-90.0,bottom,B1,,1056TR,1056TR,tht,True
75.41205,-75.8952,90.0,bottom,B2,,1056TR,1056TR,tht,True
91.71205,-75.8952,-90.0,bottom,B3,,1056TR,1056TR,tht,True
91.68665,-95.9104,90.0,bottom,B4,,1056TR,1056TR,tht,True
75.43065,-95.8942,-90.0,bottom,B5,,1056TR,1056TR,tht,True
59.09845,-95.885,90.0,bottom,B6,,1056TR,1056TR,tht,True
119.72825,-61.8744,-90.0,top,C1,,CAPC3216X94N,12065C472KAT2A,smt,True
120.54105,-47.0464,0.0,top,C10,,CAPC3216X94N,12065A150JAT2A,smt,True
136.31445,-52.8884,0.0,top,C11,,16TZV100M63X61,16TZV100M6.3X6.1,smt,True
98.23985,-66.4718,180.0,top,C2,,16TZV100M63X61,16TZV100M6.3X6.1,smt,True
131.93995,-79.08884,0.0,top,C3,,16TZV100M63X61,16TZV100M6.3X6.1,smt,True
143.73605,-72.4944,90.0,top,C4,,CAPC3216X229N,12061C105KAT2A,smt,True
144.70125,-75.9104,0.0,top,C5,,CAPC3216X94N,12065C102KAT2A,smt,True
77.03085,-53.384,-90.0,top,C6,,EEE0JA331XP,EEEFK1C221XP,smt,True
68.01385,-63.671,0.0,top,C7,,C_1206_3216Metric,330nF,smt,True
111.44785,-77.8256,90.0,top,C8,,CAPC3216X94N,12061C473KAT2A,smt,True
110.76205,-56.8198,-90.0,top,C9,,CAPC3216X229N,12061C105KAT2A,smt,True
123.15725,-50.9072,0.0,top,D1,,D_SOD-123,1N4148W,smt,True
123.05565,-56.0634,180.0,top,D2,,D_SOD-123,1N4148W,smt,True
124.80855,-66.64284,0.0,top,IC1,,SOIC127P600X175-8N,NE555DR,smt,True
149.50185,-68.265,-90.0,top,IC2,,SOIC127P600X175-8N,NE555DR,smt,True
121.30305,-78.7654,0.0,top,IC3,,SOIC127P600X175-14N,"HEF4069UBT,653",smt,True
118.83925,-50.6786,-90.0,top,IC4,,SOT95P280X100-5N,LT1782CS5#TRMPBF,smt,True
145.78865,-53.3202,0.0,bottom,J1,,17761192,Speaker,tht,True
70.14745,-55.0096,90.0,top,LED1,,5988270107F,5988270107F,smt,True
90.64525,-55.0418,90.0,top,LED2,,5988270107F,5988270107F,smt,True
144.54025,-68.3158,0.0,top,Q1,,SOT95P237X112-3N,Si2338DS-T1-GE3,smt,True
50.33775,-54.6608,0.0,top,Q2,,SOT-23,BC858,smt,True
63.36565,-63.036,0.0,top,Q3,,SOT95P237X112-3N,Si2338DS-T1-GE3,smt,True
127.65075,-50.3332,180.0,top,Q4,,SOT-23,BC848,smt,True
127.62995,-55.5046,180.0,top,Q5,,SOT-23,BC858,smt,True
110.57915,-70.6526,0.0,top,Q6,,SOT-23,BC848,smt,True
112.43845,-63.0174,180.0,top,R1,,R_1206_3216Metric,100R,smt,True
156.99005,-109.347,180.0,bottom,R10,,R_1206_3216Metric,12k,smt,True
150.53845,-109.347,180.0,bottom,R11,,R_1206_3216Metric,15k,smt,True
144.06145,-109.3216,180.0,bottom,R12,,R_1206_3216Metric,15k,smt,True
137.63525,-109.3216,180.0,bottom,R13,,R_1206_3216Metric,12k,smt,True
131.18365,-109.3216,180.0,bottom,R14,,R_1206_3216Metric,15k,smt,True
124.93525,-109.3216,180.0,bottom,R15,,R_1206_3216Metric,15k,smt,True
118.45825,-109.3216,180.0,bottom,R16,,R_1206_3216Metric,18k,smt,True
112.03205,-109.3216,180.0,bottom,R17,,R_1206_3216Metric,15k,smt,True
105.70745,-109.3216,180.0,bottom,R18,,R_1206_3216Metric,22k,smt,True
99.30665,-109.3216,180.0,bottom,R19,,R_1206_3216Metric,18k,smt,True
117.34095,-64.22984,90.0,top,R2,,R_1206_3216Metric,150k,smt,True
92.88045,-109.3216,180.0,bottom,R20,,R_1206_3216Metric,22k,smt,True
86.50505,-109.2962,180.0,bottom,R21,,R_1206_3216Metric,22k,smt,True
80.12965,-109.2962,180.0,bottom,R22,,R_1206_3216Metric,22k,smt,True
73.80505,-109.2962,180.0,bottom,R23,,R_1206_3216Metric,27k,smt,True
67.40425,-109.3216,180.0,bottom,R24,,R_1206_3216Metric,27k,smt,True
61.15585,-109.2962,180.0,bottom,R25,,R_1206_3216Metric,27k,smt,True
54.50105,-109.2962,180.0,bottom,R26,,R_1206_3216Metric,27k,smt,True
129.98985,-67.1068,-90.0,top,R27,,R_1206_3216Metric,8k2,smt,True
140.12925,-63.439,180.0,top,R28,,R_1206_3216Metric,2k2,smt,True
140.15465,-75.8342,0.0,top,R29,,R_1206_3216Metric,6k8,smt,True
201.59245,-109.347,180.0,bottom,R3,,R_1206_3216Metric,8k2,smt,True
145.38705,-64.0994,-90.0,top,R30,,R_1206_3216Metric,68k,smt,True
59.68265,-47.415,180.0,top,R32,,R_1206_3216Metric,100k,smt,True
65.29605,-47.3896,180.0,top,R33,,R_1206_3216Metric,1M,smt,True
54.90745,-49.3454,-90.0,top,R34,,R_1206_3216Metric,10k,smt,True
54.90745,-54.0444,90.0,top,R35,,R_1206_3216Metric,10k,smt,True
59.73345,-56.4066,90.0,top,R36,,R_1206_3216Metric,10k,smt,True
70.12205,-49.193,90.0,top,R37,,R_1206_3216Metric,360R,smt,True
114.97845,-76.8604,180.0,top,R38,,R_1206_3216Metric,220k,smt,True
115.00385,-79.5782,180.0,top,R39,,R_1206_3216Metric,15R,smt,True
195.16625,-109.3724,180.0,bottom,R4,,R_1206_3216Metric,8k2,smt,True
119.88065,-72.7964,180.0,top,R40,,R_1206_3216Metric,4k7,smt,True
107.61245,-62.9976,0.0,top,R41,,R_1206_3216Metric,10k,smt,True
112.46385,-60.5028,180.0,top,R42,,R_1206_3216Metric,10k,smt,True
125.26545,-47.0464,180.0,top,R43,,R_1206_3216Metric,10k,smt,True
125.29085,-59.8734,0.0,top,R44,,R_1206_3216Metric,10k,smt,True
89.17205,-47.1932,180.0,top,R45,,R_1206_3216Metric,360R,smt,True
115.02925,-71.2216,180.0,top,R46,,R_1206_3216Metric,10k,smt,True
188.86705,-109.3724,180.0,bottom,R5,,R_1206_3216Metric,8k2,smt,True
182.36465,-109.3724,180.0,bottom,R6,,R_1206_3216Metric,10k,smt,True
176.04005,-109.347,180.0,bottom,R7,,R_1206_3216Metric,10k,smt,True
169.66465,-109.347,180.0,bottom,R8,,R_1206_3216Metric,10k,smt,True
163.36545,-109.347,180.0,bottom,R9,,R_1206_3216Metric,10k,smt,True
201.51625,-113.8174,90.0,bottom,S1,,FSM4JSMATR,FSM4JSMATR,smt,True
144.08355,-120.5627,90.0,bottom,S10,,FSM4JSMATR,FSM4JSMATR,smt,True
137.55905,-113.8174,90.0,bottom,S11,,FSM4JSMATR,FSM4JSMATR,smt,True
131.18365,-120.5484,90.0,bottom,S12,,FSM4JSMATR,FSM4JSMATR,smt,True
124.80495,-113.8063,90.0,bottom,S13,,FSM4JSMATR,FSM4JSMATR,smt,True
118.45495,-120.5373,90.0,bottom,S14,,FSM4JSMATR,FSM4JSMATR,smt,True
112.00335,-113.8063,90.0,bottom,S15,,FSM4JSMATR,FSM4JSMATR,smt,True
105.65335,-120.5373,90.0,bottom,S16,,FSM4JSMATR,FSM4JSMATR,smt,True
99.25585,-113.792,90.0,bottom,S17,,FSM4JSMATR,FSM4JSMATR,smt,True
92.82635,-120.5373,90.0,bottom,S18,,FSM4JSMATR,FSM4JSMATR,smt,True
86.40345,-113.792,90.0,bottom,S19,,FSM4JSMATR,FSM4JSMATR,smt,True
195.13755,-120.5881,90.0,bottom,S2,,FSM4JSMATR,FSM4JSMATR,smt,True
80.12635,-120.5373,90.0,bottom,S20,,FSM4JSMATR,FSM4JSMATR,smt,True
73.64935,-113.7809,90.0,bottom,S21,,FSM4JSMATR,FSM4JSMATR,smt,True
67.32475,-120.5373,90.0,bottom,S22,,FSM4JSMATR,FSM4JSMATR,smt,True
61.00345,-113.792,90.0,bottom,S23,,FSM4JSMATR,FSM4JSMATR,smt,True
54.49775,-120.5119,90.0,bottom,S24,,FSM4JSMATR,FSM4JSMATR,smt,True
64.50865,-55.1874,0.0,top,S25,,FSM4JSMATR,FSM4JSMATR,smt,True
85.07155,-55.1909,180.0,top,S26,,FSM4JSMATR,FSM4JSMATR,smt,True
188.71465,-113.8174,90.0,bottom,S3,,FSM4JSMATR,FSM4JSMATR,smt,True
182.33595,-120.5881,90.0,bottom,S4,,FSM4JSMATR,FSM4JSMATR,smt,True
175.96055,-113.8174,90.0,bottom,S5,,FSM4JSMATR,FSM4JSMATR,smt,True
169.63925,-120.5992,90.0,bottom,S6,,FSM4JSMATR,FSM4JSMATR,smt,True
163.26385,-113.8174,90.0,bottom,S7,,FSM4JSMATR,FSM4JSMATR,smt,True
156.93595,-120.5881,90.0,bottom,S8,,FSM4JSMATR,FSM4JSMATR,smt,True
150.46225,-113.8174,90.0,bottom,S9,,FSM4JSMATR,FSM4JSMATR,smt,True
142.23745,-74.4118,90.0,top,VR1,,3386P_1,3386P-1-472LF,tht,True
113.19865,-51.451,-90.0,top,VR2,,TC33X2503E,TC33X-2-503E,smt,True
102.61365,-48.2958,180.0,top,VR3,,PTV09A4025SA102,PTV09A-4025S-A102,tht,True
