﻿pos_x,pos_y,rotation,side,designator,mpn,pack,value,mount_type,place
59.5004,-90.6018,-90.0,bottom,B1,,1056TR,1056TR,tht,True
75.8004,-90.6018,90.0,bottom,B2,,1056TR,1056TR,tht,True
92.1004,-90.6018,-90.0,bottom,B3,,1056TR,1056TR,tht,True
92.075,-110.617,90.0,bottom,B4,,1056TR,1056TR,tht,True
75.819,-110.6008,-90.0,bottom,B5,,1056TR,1056TR,tht,True
59.4868,-110.5916,90.0,bottom,B6,,1056TR,1056TR,tht,True
120.1166,-76.581,-90.0,top,C1,,CAPC3216X94N,12065C472KAT2A,smt,True
120.9294,-61.753,0.0,top,C10,,CAPC3216X94N,12065A150JAT2A,smt,True
136.7028,-67.595,0.0,top,C11,,16TZV100M63X61,16TZV100M6.3X6.1,smt,True
97.4852,-67.062,-90.0,top,C2,,16TZV100M63X61,16TZV100M6.3X6.1,smt,True
132.3283,-93.79544,0.0,top,C3,,16TZV100M63X61,16TZV100M6.3X6.1,smt,True
144.1244,-87.201,90.0,top,C4,,CAPC3216X229N,12061C105KAT2A,smt,True
145.0896,-90.617,0.0,top,C5,,CAPC3216X94N,12065C102KAT2A,smt,True
77.4192,-68.0906,-90.0,top,C6,,EEE0JA331XP,EEEFK1C221XP,smt,True
68.4022,-78.3776,0.0,top,C7,,C_1206_3216Metric,330nF,smt,True
111.8362,-92.5322,90.0,top,C8,,CAPC3216X94N,12061C473KAT2A,smt,True
108.0262,-73.6148,180.0,top,C9,,CAPC3216X229N,12061C105KAT2A,smt,True
123.5456,-65.6138,0.0,top,D1,,D_SOD-123,1N4148W,smt,True
123.444,-70.77,180.0,top,D2,,D_SOD-123,1N4148W,smt,True
125.1969,-81.34944,0.0,top,IC1,,SOIC127P600X175-8N,NE555DR,smt,True
149.8902,-82.9716,-90.0,top,IC2,,SOIC127P600X175-8N,NE555DR,smt,True
121.6914,-93.472,0.0,top,IC3,,SOIC127P600X175-14N,"HEF4069UBT,653",smt,True
119.2276,-65.3852,-90.0,top,IC4,,SOT95P280X100-5N,LT1782CS5#TRMPBF,smt,True
146.177,-68.0268,0.0,bottom,J1,,17761192,Speaker,tht,True
70.5358,-69.7162,90.0,top,LED1,,5988270107F,5988270107F,smt,True
91.0336,-69.7484,90.0,top,LED2,,5988270107F,5988270107F,smt,True
144.9286,-83.0224,0.0,top,Q1,,SOT95P237X112-3N,Si2338DS-T1-GE3,smt,True
50.7261,-69.3674,0.0,top,Q2,,SOT-23,BC858,smt,True
63.754,-77.7426,0.0,top,Q3,,SOT95P237X112-3N,Si2338DS-T1-GE3,smt,True
128.0391,-65.0398,180.0,top,Q4,,SOT-23,BC848,smt,True
128.0183,-70.2112,180.0,top,Q5,,SOT-23,BC858,smt,True
106.1489,-85.4456,0.0,top,Q6,,SOT-23,BC848,smt,True
112.8268,-77.724,180.0,top,R1,,R_1206_3216Metric,100R,smt,True
157.3784,-124.0536,180.0,bottom,R10,,R_1206_3216Metric,12k,smt,True
150.9268,-124.0536,180.0,bottom,R11,,R_1206_3216Metric,15k,smt,True
144.4498,-124.0282,180.0,bottom,R12,,R_1206_3216Metric,15k,smt,True
138.0236,-124.0282,180.0,bottom,R13,,R_1206_3216Metric,12k,smt,True
131.572,-124.0282,180.0,bottom,R14,,R_1206_3216Metric,15k,smt,True
125.3236,-124.0282,180.0,bottom,R15,,R_1206_3216Metric,15k,smt,True
118.8466,-124.0282,180.0,bottom,R16,,R_1206_3216Metric,18k,smt,True
112.4204,-124.0282,180.0,bottom,R17,,R_1206_3216Metric,15k,smt,True
106.0958,-124.0282,180.0,bottom,R18,,R_1206_3216Metric,22k,smt,True
99.695,-124.0282,180.0,bottom,R19,,R_1206_3216Metric,18k,smt,True
117.7293,-78.93644,90.0,top,R2,,R_1206_3216Metric,150k,smt,True
93.2688,-124.0282,180.0,bottom,R20,,R_1206_3216Metric,22k,smt,True
86.8934,-124.0028,180.0,bottom,R21,,R_1206_3216Metric,22k,smt,True
80.518,-124.0028,180.0,bottom,R22,,R_1206_3216Metric,22k,smt,True
74.1934,-124.0028,180.0,bottom,R23,,R_1206_3216Metric,27k,smt,True
67.7926,-124.0282,180.0,bottom,R24,,R_1206_3216Metric,27k,smt,True
61.5442,-124.0028,180.0,bottom,R25,,R_1206_3216Metric,27k,smt,True
54.8894,-124.0028,180.0,bottom,R26,,R_1206_3216Metric,27k,smt,True
130.3782,-81.8134,-90.0,top,R27,,R_1206_3216Metric,8k2,smt,True
140.5176,-78.1456,180.0,top,R28,,R_1206_3216Metric,2k2,smt,True
140.543,-90.5408,0.0,top,R29,,R_1206_3216Metric,6k8,smt,True
201.9808,-124.0536,180.0,bottom,R3,,R_1206_3216Metric,8k2,smt,True
145.7754,-78.806,-90.0,top,R30,,R_1206_3216Metric,68k,smt,True
104.521,-67.7672,-90.0,top,R31,,R_1206_3216Metric,1k,smt,True
60.071,-62.1216,180.0,top,R32,,R_1206_3216Metric,100k,smt,True
65.6844,-62.0962,180.0,top,R33,,R_1206_3216Metric,1M,smt,True
55.2958,-64.052,-90.0,top,R34,,R_1206_3216Metric,10k,smt,True
55.2958,-68.751,90.0,top,R35,,R_1206_3216Metric,10k,smt,True
60.1218,-71.1132,90.0,top,R36,,R_1206_3216Metric,10k,smt,True
70.5104,-63.8996,90.0,top,R37,,R_1206_3216Metric,360R,smt,True
115.3668,-91.567,180.0,top,R38,,R_1206_3216Metric,220k,smt,True
115.3922,-94.2848,180.0,top,R39,,R_1206_3216Metric,15R,smt,True
195.5546,-124.079,180.0,bottom,R4,,R_1206_3216Metric,8k2,smt,True
120.269,-87.503,180.0,top,R40,,R_1206_3216Metric,4k7,smt,True
108.0008,-77.7042,0.0,top,R41,,R_1206_3216Metric,10k,smt,True
104.521,-72.4718,90.0,top,R42,,R_1206_3216Metric,10k,smt,True
125.6538,-61.753,180.0,top,R43,,R_1206_3216Metric,10k,smt,True
125.6792,-74.58,0.0,top,R44,,R_1206_3216Metric,10k,smt,True
89.5604,-61.8998,180.0,top,R45,,R_1206_3216Metric,360R,smt,True
110.4646,-86.0044,180.0,top,R46,,R_1206_3216Metric,10k,smt,True
189.2554,-124.079,180.0,bottom,R5,,R_1206_3216Metric,8k2,smt,True
182.753,-124.079,180.0,bottom,R6,,R_1206_3216Metric,10k,smt,True
176.4284,-124.0536,180.0,bottom,R7,,R_1206_3216Metric,10k,smt,True
170.053,-124.0536,180.0,bottom,R8,,R_1206_3216Metric,10k,smt,True
163.7538,-124.0536,180.0,bottom,R9,,R_1206_3216Metric,10k,smt,True
201.9046,-128.524,90.0,bottom,S1,,FSM4JSMATR,FSM4JSMATR,smt,True
144.4719,-135.2693,90.0,bottom,S10,,FSM4JSMATR,FSM4JSMATR,smt,True
137.9474,-128.524,90.0,bottom,S11,,FSM4JSMATR,FSM4JSMATR,smt,True
131.572,-135.255,90.0,bottom,S12,,FSM4JSMATR,FSM4JSMATR,smt,True
125.1933,-128.5129,90.0,bottom,S13,,FSM4JSMATR,FSM4JSMATR,smt,True
118.8433,-135.2439,90.0,bottom,S14,,FSM4JSMATR,FSM4JSMATR,smt,True
112.3917,-128.5129,90.0,bottom,S15,,FSM4JSMATR,FSM4JSMATR,smt,True
106.0417,-135.2439,90.0,bottom,S16,,FSM4JSMATR,FSM4JSMATR,smt,True
99.6442,-128.4986,90.0,bottom,S17,,FSM4JSMATR,FSM4JSMATR,smt,True
93.2147,-135.2439,90.0,bottom,S18,,FSM4JSMATR,FSM4JSMATR,smt,True
86.7918,-128.4986,90.0,bottom,S19,,FSM4JSMATR,FSM4JSMATR,smt,True
195.5259,-135.2947,90.0,bottom,S2,,FSM4JSMATR,FSM4JSMATR,smt,True
80.5147,-135.2439,90.0,bottom,S20,,FSM4JSMATR,FSM4JSMATR,smt,True
74.0377,-128.4875,90.0,bottom,S21,,FSM4JSMATR,FSM4JSMATR,smt,True
67.7131,-135.2439,90.0,bottom,S22,,FSM4JSMATR,FSM4JSMATR,smt,True
61.3918,-128.4986,90.0,bottom,S23,,FSM4JSMATR,FSM4JSMATR,smt,True
54.8861,-135.2185,90.0,bottom,S24,,FSM4JSMATR,FSM4JSMATR,smt,True
64.897,-69.894,0.0,top,S25,,FSM4JSMATR,FSM4JSMATR,smt,True
85.4599,-69.8975,180.0,top,S26,,FSM4JSMATR,FSM4JSMATR,smt,True
189.103,-128.524,90.0,bottom,S3,,FSM4JSMATR,FSM4JSMATR,smt,True
182.7243,-135.2947,90.0,bottom,S4,,FSM4JSMATR,FSM4JSMATR,smt,True
176.3489,-128.524,90.0,bottom,S5,,FSM4JSMATR,FSM4JSMATR,smt,True
170.0276,-135.3058,90.0,bottom,S6,,FSM4JSMATR,FSM4JSMATR,smt,True
163.6522,-128.524,90.0,bottom,S7,,FSM4JSMATR,FSM4JSMATR,smt,True
157.3243,-135.2947,90.0,bottom,S8,,FSM4JSMATR,FSM4JSMATR,smt,True
150.8506,-128.524,90.0,bottom,S9,,FSM4JSMATR,FSM4JSMATR,smt,True
142.6258,-89.1184,90.0,top,VR1,,3386P_1,3386P-1-472LF,tht,True
109.3572,-63.9628,90.0,top,VR2,,3310Y001503L,3310Y-001-503L,tht,True
