﻿designator,quantity,value,pack,mpn,mount_type
"B1, B2, B3, B4, B5, B6",6,1056TR,1056TR,,tht
C1,1,12065C472KAT2A,CAPC3216X94N,,smt
C10,1,12065A150JAT2A,CAPC3216X94N,,smt
"C11, C2, C3",3,16TZV100M6.3X6.1,16TZV100M63X61,,smt
"C4, C9",2,12061C105KAT2A,CAPC3216X229N,,smt
C5,1,12065C102KAT2A,CAPC3216X94N,,smt
C6,1,EEEFK1C221XP,EEE0JA331XP,,smt
C7,1,330nF,C_1206_3216Metric,,smt
C8,1,12061C473KAT2A,CAPC3216X94N,,smt
"D1, D2",2,1N4148W,D_SOD-123,,smt
"IC1, IC2",2,NE555DR,SOIC127P600X175-8N,,smt
IC3,1,"HEF4069UBT,653",SOIC127P600X175-14N,,smt
IC4,1,LT1782CS5#TRMPBF,SOT95P280X100-5N,,smt
J1,1,Speaker,17761192,,tht
"LED1, LED2",2,5988270107F,5988270107F,,smt
"Q1, Q3",2,Si2338DS-T1-GE3,SOT95P237X112-3N,,smt
"Q2, Q5",2,BC858,SOT-23,,smt
"Q4, Q6",2,BC848,SOT-23,,smt
R1,1,100R,R_1206_3216Metric,,smt
"R10, R13",2,12k,R_1206_3216Metric,,smt
"R11, R12, R14, R15, R17",5,15k,R_1206_3216Metric,,smt
"R16, R19",2,18k,R_1206_3216Metric,,smt
"R18, R20, R21, R22",4,22k,R_1206_3216Metric,,smt
R2,1,150k,R_1206_3216Metric,,smt
"R23, R24, R25, R26",4,27k,R_1206_3216Metric,,smt
"R27, R3, R4, R5",4,8k2,R_1206_3216Metric,,smt
R28,1,2k2,R_1206_3216Metric,,smt
R29,1,6k8,R_1206_3216Metric,,smt
R30,1,68k,R_1206_3216Metric,,smt
R31,1,1k,R_1206_3216Metric,,smt
R32,1,100k,R_1206_3216Metric,,smt
R33,1,1M,R_1206_3216Metric,,smt
"R34, R35, R36, R41, R42, R43, R44, R46, R6, R7, R8, R9",12,10k,R_1206_3216Metric,,smt
"R37, R45",2,360R,R_1206_3216Metric,,smt
R38,1,220k,R_1206_3216Metric,,smt
R39,1,15R,R_1206_3216Metric,,smt
R40,1,4k7,R_1206_3216Metric,,smt
"S1, S10, S11, S12, S13, S14, S15, S16, S17, S18, S19, S2, S20, S21, S22, S23, S24, S25, S26, S3, S4, S5, S6, S7, S8, S9",26,FSM4JSMATR,FSM4JSMATR,,smt
VR1,1,3386P-1-472LF,3386P_1,,tht
VR2,1,3310Y-001-503L,3310Y001503L,,tht
