﻿pos_x,pos_y,rotation,side,designator,mpn,pack,value,mount_type,place
190.0174,-77.0128,0.0,bottom,B1,,1056TR,1056TR,tht,True
169.926,-77.0128,0.0,bottom,B2,,1056TR,1056TR,tht,True
150.876,-89.6366,90.0,top,C1,,C_1206_3216Metric,22nF,smt,True
143.4338,-84.9376,-90.0,top,C2,,C_1206_3216Metric,33uF,smt,True
154.559,-87.7316,180.0,top,C3,,C_1206_3216Metric,4.7uF,smt,True
170.8658,-94.9198,0.0,top,C4,,C_1206_3216Metric,330nF-1206-50V-10%,smt,True
148.4122,-84.8868,-90.0,top,D1,,D_SOD-123,1N4148W,smt,True
135.89,-92.6846,180.0,top,IC1,,SOIC127P600X175-16N,"74HC4017D,653",smt,True
155.9814,-91.7702,0.0,top,IC2,,SOIC127P600X175-8N,NE555DR,smt,True
140.9954,-75.153,180.0,top,J1,,17761192,Roll Dice,tht,True
153.8224,-75.1332,180.0,top,J2,,17761192,6V,tht,True
159.1564,-84.4804,0.0,top,J3,,PinHeader_1x01_P2.54mm_Vertical,Clock,tht,True
137.0838,-84.4042,0.0,top,J4,,PinHeader_1x01_P2.54mm_Vertical,Roll Dice Ext,tht,True
193.706,-94.5134,90.0,top,J5,,17761192,Power,tht,True
138.811,-104.7242,-90.0,top,LED1,,L793GD,L-793GD,tht,True
150.1648,-104.7242,-90.0,top,LED2,,L793GD,L-793GD,tht,True
161.5186,-104.7242,-90.0,top,LED3,,L793GD,L-793GD,tht,True
172.847,-104.7242,-90.0,top,LED4,,L793GD,L-793GD,tht,True
184.3024,-104.7242,-90.0,top,LED5,,L793GD,L-793GD,tht,True
195.6308,-104.6988,-90.0,top,LED6,,L793GD,L-793GD,tht,True
209.677,-104.7242,-90.0,top,LED7,,L793GD,L-793GD,tht,True
145.288,-90.0199,-90.0,top,Q1,,SOT-23,BC848,smt,True
163.0172,-88.4682,-90.0,top,Q2,,SOT-23,BC858,smt,True
173.1432,-91.821,0.0,top,Q3,,SOT95P237X112-3N,Si2338DS-T1-GE3,smt,True
148.4376,-89.662,90.0,top,R1,,R_1206_3216Metric,22k,smt,True
145.8976,-84.963,90.0,top,R2,,R_1206_3216Metric,220k,smt,True
147.2692,-95.0468,0.0,top,R3,,R_1206_3216Metric,220R,smt,True
167.2336,-88.8238,90.0,top,R4,,R_1206_3216Metric,100k,smt,True
177.5714,-94.9198,0.0,top,R5,,R_1206_3216Metric,1M,smt,True
166.0652,-92.456,180.0,top,R6,,R_1206_3216Metric,10k,smt,True
166.0398,-94.9198,180.0,top,R7,,R_1206_3216Metric,10k,smt,True
169.7482,-88.8492,90.0,top,R8,,R_1206_3216Metric,10k,smt,True
197.9168,-84.5566,180.0,top,R9,,R_1206_3216Metric,220R,smt,True
