﻿pos_x,pos_y,rotation,side,designator,mpn,pack,value,mount_type,place
74.8538,-129.0574,180.0,bottom,B1,,1056TR,1056TR,tht,True
94.7928,-129.0574,180.0,bottom,B2,,1056TR,1056TR,tht,True
114.8334,-129.0574,180.0,bottom,B3,,1056TR,1056TR,tht,True
74.1172,-136.0424,0.0,top,C1,,C_1206_3216Metric,4.7nF,smt,True
84.0486,-136.0424,0.0,top,C2,,C_1206_3216Metric,4.7nF,smt,True
96.393,-145.161,0.0,top,C3,,C_1206_3216Metric,330nF-1206-50V-10%,smt,True
90.0684,-148.209,180.0,top,C4,,1206,47UF-1206-50V-10%,smt,True
72.644,-156.2862,0.0,bottom,J1,,17761192,Speaker,tht,True
90.424,-156.2806,180.0,top,J2,,17761192,Morse Key,tht,True
96.8756,-139.2682,90.0,top,LED1,,5988270107F,5988270107F,smt,True
74.676,-139.4945,90.0,top,Q1,,SOT-23,BC848,smt,True
74.7014,-144.272,90.0,top,Q2,,SOT-23,BC848,smt,True
114.8611,-143.7894,0.0,top,Q3,,SOT-23,BC858,smt,True
100.9142,-144.78,90.0,top,Q4,,SOT95P237X112-3N,Si2338DS-T1-GE3,smt,True
84.5312,-143.4338,-90.0,top,Q5,,SOP254P1016X440-4N,SFH617A-1X007T,smt,True
78.994,-136.0424,0.0,top,R1,,C_1206_3216Metric,560R,smt,True
92.7354,-137.1854,90.0,top,R10,,C_1206_3216Metric,15R,smt,True
107.2896,-137.3886,0.0,top,R11,,C_1206_3216Metric,360R,smt,True
74.1426,-132.1816,0.0,top,R2,,C_1206_3216Metric,47K,smt,True
88.9272,-136.0424,0.0,top,R3,,C_1206_3216Metric,47k,smt,True
78.994,-138.7348,180.0,top,R4,,C_1206_3216Metric,130R,smt,True
102.3366,-141.3002,0.0,top,R5,,C_1206_3216Metric,100k,smt,True
96.393,-148.1582,180.0,top,R6,,C_1206_3216Metric,1M,smt,True
114.554,-148.1582,0.0,top,R7,,C_1206_3216Metric,10k,smt,True
119.38,-148.1582,0.0,top,R8,,C_1206_3216Metric,10k,smt,True
107.442,-141.3002,0.0,top,R9,,C_1206_3216Metric,10k,smt,True
107.0356,-146.6596,0.0,top,S1,,TACTILE_SWITCH_SMD_5.2MM,MOMENTARY-SWITCH-SPST-2-SMD-5.2MM,smt,True
