﻿designator,quantity,value,pack,mpn,mount_type
"B1, B2, B3",3,1056TR,1056TR,,tht
"C1, C2",2,4.7nF,C_1206_3216Metric,,smt
C3,1,330nF-1206-50V-10%,C_1206_3216Metric,,smt
C4,1,47UF-1206-50V-10%,1206,,smt
J1,1,Speaker,17761192,,tht
J2,1,Morse Key,17761192,,tht
LED1,1,5988270107F,5988270107F,,smt
"Q1, Q2",2,BC848,SOT-23,,smt
Q3,1,BC858,SOT-23,,smt
Q4,1,Si2338DS-T1-GE3,SOT95P237X112-3N,,smt
Q5,1,SFH617A-1X007T,SOP254P1016X440-4N,,smt
R1,1,560R,C_1206_3216Metric,,smt
R10,1,15R,C_1206_3216Metric,,smt
R11,1,360R,C_1206_3216Metric,,smt
R2,1,47K,C_1206_3216Metric,,smt
R3,1,47k,C_1206_3216Metric,,smt
R4,1,130R,C_1206_3216Metric,,smt
R5,1,100k,C_1206_3216Metric,,smt
R6,1,1M,C_1206_3216Metric,,smt
"R7, R8, R9",3,10k,C_1206_3216Metric,,smt
S1,1,MOMENTARY-SWITCH-SPST-2-SMD-5.2MM,TACTILE_SWITCH_SMD_5.2MM,,smt
