﻿designator,quantity,value,pack,mpn,mount_type
"B1, B2",2,1056TR,1056TR,,tht
C1,1,22nF,C_1206_3216Metric,,smt
C2,1,33uF,C_1206_3216Metric,,smt
C3,1,4.7uF,C_1206_3216Metric,,smt
C4,1,330nF-1206-50V-10%,C_1206_3216Metric,,smt
D1,1,1N4148W,D_SOD-123,,smt
"IC1, IC2, IC3",3,"74HC4017D,653",SOIC127P600X175-16N,,smt
IC4,1,74HC08S14-13,SOIC127P600X173-14N,,smt
IC5,1,NE555DR,SOIC127P600X175-8N,,smt
J1,1,Roll Dice,17761192,,tht
J10,1,CReset2,PinHeader_1x01_P2.54mm_Vertical,,tht
J11,1,D12 Reset,PinHeader_1x01_P2.54mm_Vertical,,tht
J12,1,D10 Reset,PinHeader_1x01_P2.54mm_Vertical,,tht
J2,1,6V,17761192,,tht
J3,1,Clock,PinHeader_1x01_P2.54mm_Vertical,,tht
J4,1,Roll Dice Ext,PinHeader_1x01_P2.54mm_Vertical,,tht
J5,1,Power,17761192,,tht
J6,1,CReset1,PinHeader_1x01_P2.54mm_Vertical,,tht
J7,1,D4 Reset,PinHeader_1x01_P2.54mm_Vertical,,tht
J8,1,D6 Reset,PinHeader_1x01_P2.54mm_Vertical,,tht
J9,1,D8 Reset,PinHeader_1x01_P2.54mm_Vertical,,tht
"LED1, LED10, LED11, LED12, LED13, LED14, LED15, LED16, LED17, LED18, LED19, LED2, LED20, LED21, LED3, LED4, LED5, LED6, LED7, LED8, LED9",21,L-793GD,C503BBCNCV0Z0462,,tht
Q1,1,BC848,SOT-23,,smt
Q2,1,BC858,SOT-23,,smt
Q3,1,Si2338DS-T1-GE3,SOT95P237X112-3N,,smt
R1,1,22k,R_1206_3216Metric,,smt
R2,1,220k,R_1206_3216Metric,,smt
"R3, R9",2,220R,R_1206_3216Metric,,smt
R4,1,100k,R_1206_3216Metric,,smt
R5,1,1M,R_1206_3216Metric,,smt
"R6, R7, R8",3,10k,R_1206_3216Metric,,smt
