﻿pos_x,pos_y,rotation,side,designator,mpn,pack,value,mount_type,place
126.365,-100.6602,0.0,bottom,B1,,1056TR,1056TR,tht,True
106.2736,-100.6602,0.0,bottom,B2,,1056TR,1056TR,tht,True
87.2236,-113.284,90.0,top,C1,,C_1206_3216Metric,22nF,smt,True
79.7814,-108.585,-90.0,top,C2,,C_1206_3216Metric,33uF,smt,True
90.9066,-111.379,180.0,top,C3,,C_1206_3216Metric,4.7uF,smt,True
107.2134,-118.5672,0.0,top,C4,,C_1206_3216Metric,330nF-1206-50V-10%,smt,True
84.7598,-108.5342,-90.0,top,D1,,D_SOD-123,1N4148W,smt,True
72.2376,-116.332,180.0,top,IC1,,SOIC127P600X175-16N,"74HC4017D,653",smt,True
150.241,-114.9858,0.0,top,IC2,,SOIC127P600X175-16N,"74HC4017D,653",smt,True
219.583,-114.9604,0.0,top,IC3,,SOIC127P600X175-16N,"74HC4017D,653",smt,True
150.2732,-104.902,0.0,top,IC4,,SOIC127P600X173-14N,74HC08S14-13,smt,True
92.329,-115.4176,0.0,top,IC5,,SOIC127P600X175-8N,NE555DR,smt,True
77.343,-98.8004,180.0,top,J1,,17761192,Roll Dice,tht,True
158.1658,-111.5314,0.0,top,J10,,PinHeader_1x01_P2.54mm_Vertical,CReset2,tht,True
177.2158,-121.8184,0.0,top,J11,,PinHeader_1x01_P2.54mm_Vertical,D12 Reset,tht,True
159.7152,-121.8184,0.0,top,J12,,PinHeader_1x01_P2.54mm_Vertical,D10 Reset,tht,True
90.17,-98.7806,180.0,top,J2,,17761192,6V,tht,True
95.504,-108.1278,0.0,top,J3,,PinHeader_1x01_P2.54mm_Vertical,Clock,tht,True
73.4314,-108.0516,0.0,top,J4,,PinHeader_1x01_P2.54mm_Vertical,Roll Dice Ext,tht,True
132.4158,-118.2878,90.0,top,J5,,17761192,Power,tht,True
69.4436,-108.0516,180.0,top,J6,,PinHeader_1x01_P2.54mm_Vertical,CReset1,tht,True
107.1118,-121.793,0.0,top,J7,,PinHeader_1x01_P2.54mm_Vertical,D4 Reset,tht,True
124.6124,-121.7422,0.0,top,J8,,PinHeader_1x01_P2.54mm_Vertical,D6 Reset,tht,True
142.1892,-121.8184,0.0,top,J9,,PinHeader_1x01_P2.54mm_Vertical,D8 Reset,tht,True
70.6628,-128.8288,0.0,top,LED1,,C503BBCNCV0Z0462,L-793GD,tht,True
149.6568,-128.8288,0.0,top,LED10,,C503BBCNCV0Z0462,L-793GD,tht,True
158.3944,-128.8288,0.0,top,LED11,,C503BBCNCV0Z0462,L-793GD,tht,True
167.1574,-128.8288,0.0,top,LED12,,C503BBCNCV0Z0462,L-793GD,tht,True
175.9656,-128.8288,0.0,top,LED13,,C503BBCNCV0Z0462,L-793GD,tht,True
184.8358,-128.8542,0.0,top,LED14,,C503BBCNCV0Z0462,L-793GD,tht,True
193.6186,-128.8542,0.0,top,LED15,,C503BBCNCV0Z0462,L-793GD,tht,True
202.438,-128.8542,0.0,top,LED16,,C503BBCNCV0Z0462,L-793GD,tht,True
211.2772,-128.8542,0.0,top,LED17,,C503BBCNCV0Z0462,L-793GD,tht,True
220.06,-128.8542,0.0,top,LED18,,C503BBCNCV0Z0462,L-793GD,tht,True
228.9556,-128.8542,0.0,top,LED19,,C503BBCNCV0Z0462,L-793GD,tht,True
79.4512,-128.8288,0.0,top,LED2,,C503BBCNCV0Z0462,L-793GD,tht,True
237.7694,-128.8542,0.0,top,LED20,,C503BBCNCV0Z0462,L-793GD,tht,True
121.1072,-115.7732,0.0,top,LED21,,C503BBCNCV0Z0462,L-793GD,tht,True
88.2142,-128.8288,0.0,top,LED3,,C503BBCNCV0Z0462,L-793GD,tht,True
97.0026,-128.8288,0.0,top,LED4,,C503BBCNCV0Z0462,L-793GD,tht,True
105.7656,-128.8288,0.0,top,LED5,,C503BBCNCV0Z0462,L-793GD,tht,True
114.5484,-128.8288,0.0,top,LED6,,C503BBCNCV0Z0462,L-793GD,tht,True
123.3678,-128.8288,0.0,top,LED7,,C503BBCNCV0Z0462,L-793GD,tht,True
132.1816,-128.8288,0.0,top,LED8,,C503BBCNCV0Z0462,L-793GD,tht,True
140.9192,-128.8288,0.0,top,LED9,,C503BBCNCV0Z0462,L-793GD,tht,True
81.6356,-113.6673,-90.0,top,Q1,,SOT-23,BC848,smt,True
99.3648,-112.1156,-90.0,top,Q2,,SOT-23,BC858,smt,True
109.4908,-115.4684,0.0,top,Q3,,SOT95P237X112-3N,Si2338DS-T1-GE3,smt,True
84.7852,-113.3094,90.0,top,R1,,R_1206_3216Metric,22k,smt,True
82.2452,-108.6104,90.0,top,R2,,R_1206_3216Metric,220k,smt,True
83.6168,-118.6942,0.0,top,R3,,R_1206_3216Metric,220R,smt,True
103.5812,-112.4712,90.0,top,R4,,R_1206_3216Metric,100k,smt,True
112.6744,-119.7356,-90.0,top,R5,,R_1206_3216Metric,1M,smt,True
102.4128,-116.1034,180.0,top,R6,,R_1206_3216Metric,10k,smt,True
102.3874,-118.5672,180.0,top,R7,,R_1206_3216Metric,10k,smt,True
106.0958,-112.4966,90.0,top,R8,,R_1206_3216Metric,10k,smt,True
134.2644,-108.204,180.0,top,R9,,R_1206_3216Metric,220R,smt,True
